{
    "accuracy": 0.576,
    "precision": 0.5756850231600618,
    "recall": 0.576,
    "f1_score": 0.5755104240169351
}